               epoch,      train/box_loss,      train/obj_loss,      train/cls_loss,   metrics/precision,      metrics/recall,     metrics/mAP_0.5,metrics/mAP_0.5:0.95,        val/box_loss,        val/obj_loss,        val/cls_loss,               x/lr0,               x/lr1,               x/lr2
                   0,             0.11584,             0.03721,            0.046244,           0.0045105,              0.2754,            0.033034,               0.013,             0.11741,            0.025815,            0.048633,              0.0973,              0.0003,              0.0003
                   1,             0.11149,            0.037124,            0.042908,           0.0039117,              0.3328,            0.052753,            0.020428,             0.11254,            0.024227,            0.045372,            0.093696,          0.00069592,          0.00069592
                   2,            0.095788,            0.035698,            0.038968,           0.0046351,             0.47989,            0.070137,            0.025762,              0.1035,            0.022926,            0.040312,            0.090087,           0.0010872,           0.0010872
                   3,            0.092525,            0.038545,            0.039889,           0.0042023,             0.70238,            0.060443,            0.016136,            0.096313,             0.02199,            0.035799,            0.086474,           0.0014738,           0.0014738
                   4,            0.090498,            0.036501,            0.035925,           0.0045321,             0.88148,            0.075748,            0.022566,            0.088921,            0.021565,             0.03237,            0.082856,           0.0018557,           0.0018557
                   5,            0.085202,             0.03956,            0.031518,             0.12471,            0.087037,             0.13988,              0.0453,             0.07494,            0.021351,            0.027848,            0.079233,            0.002233,            0.002233
                   6,            0.072421,            0.036109,             0.02817,             0.44543,            0.055556,             0.17675,             0.06513,            0.065389,            0.020871,            0.020622,            0.075606,           0.0026057,           0.0026057
                   7,            0.072855,            0.041135,            0.032125,             0.42433,               0.154,             0.22848,            0.090088,            0.059457,            0.020385,            0.017646,            0.071974,           0.0029736,           0.0029736
                   8,             0.06421,            0.035945,            0.024015,             0.42661,             0.29726,             0.30706,             0.13207,            0.060902,            0.019675,             0.01501,            0.068337,           0.0033369,           0.0033369
                   9,            0.069587,            0.037762,            0.021967,             0.35644,              0.5011,             0.39104,             0.19504,             0.06119,            0.019398,            0.011944,            0.064696,           0.0036956,           0.0036956
                  10,            0.068166,            0.034756,            0.022155,             0.28176,             0.44127,             0.33895,             0.17194,            0.058366,              0.0188,            0.011339,             0.06105,           0.0040496,           0.0040496
                  11,            0.063092,            0.032463,              0.0187,             0.33124,             0.48065,             0.32927,             0.17386,            0.056216,            0.018697,            0.010185,            0.057399,           0.0043989,           0.0043989
                  12,            0.058966,              0.0338,             0.02183,             0.25351,             0.51693,             0.31159,             0.13651,            0.058566,            0.018976,            0.010802,            0.053744,           0.0047436,           0.0047436
                  13,            0.059392,            0.033726,            0.020458,             0.24733,             0.39709,             0.21915,             0.10919,            0.063829,            0.017871,            0.013707,            0.050084,           0.0050836,           0.0050836
                  14,            0.056272,            0.029466,            0.017699,             0.09529,             0.25106,             0.11218,            0.037093,            0.069075,            0.015088,            0.011341,            0.046419,            0.005419,            0.005419
                  15,            0.061291,            0.027181,            0.016713,             0.25849,             0.48862,             0.36636,             0.19793,            0.055712,            0.014625,           0.0095845,             0.04275,           0.0057497,           0.0057497
                  16,            0.063169,            0.031417,            0.017959,             0.26267,             0.47407,             0.34904,             0.17102,             0.06232,            0.012984,           0.0097313,            0.039076,           0.0060757,           0.0060757
                  17,            0.055338,            0.031663,            0.013981,             0.42647,             0.65989,             0.51077,             0.27559,            0.063454,            0.012788,           0.0073117,            0.035397,           0.0063971,           0.0063971
                  18,            0.061711,            0.027946,            0.012651,             0.53433,             0.67201,             0.53516,             0.19603,            0.065093,            0.012052,           0.0068624,            0.031714,           0.0067138,           0.0067138
                  19,            0.062396,            0.030879,            0.015177,             0.50869,             0.71738,             0.51648,             0.19003,            0.056658,             0.01279,           0.0060117,            0.028026,           0.0070259,           0.0070259
                  20,            0.062947,            0.026049,            0.013837,             0.52028,             0.65008,              0.6288,             0.27956,            0.057976,            0.013834,           0.0049236,            0.024333,           0.0073333,           0.0073333
                  21,            0.058258,            0.025831,            0.013242,              0.4243,             0.62143,             0.49084,             0.27101,            0.075676,            0.013451,             0.00466,            0.020636,            0.007636,            0.007636
                  22,            0.067794,            0.028641,             0.01274,              0.4821,             0.58069,             0.53125,             0.27085,            0.067456,            0.011742,            0.005015,            0.016934,           0.0079341,           0.0079341
                  23,            0.070664,            0.027738,            0.010212,             0.51572,             0.69735,              0.6539,             0.34588,            0.064491,            0.012123,           0.0042174,            0.013228,           0.0082276,           0.0082276
                  24,            0.060486,            0.027979,            0.007964,             0.45791,             0.65325,             0.57701,             0.29999,            0.068522,              0.0112,           0.0046879,           0.0095163,           0.0085163,           0.0085163
                  25,            0.072147,            0.024286,           0.0090051,             0.56748,             0.59365,             0.60759,              0.3231,            0.057782,            0.011135,           0.0049222,           0.0085441,           0.0085441,           0.0085441
                  26,            0.061008,            0.024052,           0.0088604,             0.32845,             0.60476,             0.33423,             0.12019,            0.068254,            0.010691,           0.0058045,           0.0085441,           0.0085441,           0.0085441
                  27,            0.073471,            0.024494,           0.0084307,             0.42756,             0.61534,             0.48559,             0.25839,            0.061052,            0.011757,            0.007702,           0.0084859,           0.0084859,           0.0084859
                  28,            0.054361,             0.02204,            0.014221,             0.49712,             0.46164,             0.48911,             0.23846,            0.055114,            0.011944,            0.010258,           0.0084276,           0.0084276,           0.0084276
                  29,            0.054692,            0.028517,            0.010198,             0.34981,              0.4082,             0.45133,             0.22778,             0.05795,            0.011882,             0.01125,           0.0083694,           0.0083694,           0.0083694
                  30,            0.058345,            0.024117,           0.0075923,             0.47039,             0.44763,             0.48511,             0.25633,            0.055446,            0.011411,           0.0088412,           0.0083112,           0.0083112,           0.0083112
                  31,            0.058772,            0.024602,           0.0070969,             0.36582,              0.5336,             0.37447,              0.1476,            0.055026,            0.012157,           0.0095996,           0.0082529,           0.0082529,           0.0082529
                  32,            0.061892,              0.0225,           0.0099069,             0.46145,             0.55079,             0.55672,             0.24025,            0.047797,             0.01172,           0.0060602,           0.0081947,           0.0081947,           0.0081947
                  33,            0.051283,            0.024038,            0.010474,             0.41348,             0.72746,             0.60632,             0.29793,            0.054913,            0.011048,           0.0036907,           0.0081365,           0.0081365,           0.0081365
                  34,            0.048042,            0.026783,           0.0075918,              0.5325,             0.70582,             0.67742,             0.35597,            0.049536,            0.011183,           0.0029264,           0.0080782,           0.0080782,           0.0080782
                  35,            0.054432,            0.026693,           0.0074387,             0.52866,             0.74101,             0.65691,             0.33258,            0.048503,            0.011228,           0.0024817,             0.00802,             0.00802,             0.00802
                  36,            0.050143,            0.025286,           0.0056969,             0.59652,             0.82407,             0.70983,              0.3761,            0.052096,            0.012114,           0.0018856,           0.0079618,           0.0079618,           0.0079618
                  37,            0.053436,             0.02306,           0.0088799,             0.51382,             0.73571,              0.6414,             0.34354,            0.056939,             0.01054,            0.001933,           0.0079035,           0.0079035,           0.0079035
                  38,            0.056436,            0.020523,           0.0076691,             0.61053,              0.7569,             0.69687,             0.33908,            0.042047,            0.010633,            0.001906,           0.0078453,           0.0078453,           0.0078453
                  39,            0.047921,            0.024003,           0.0051801,             0.64185,             0.65951,             0.72615,              0.4018,            0.051056,            0.010029,           0.0018468,           0.0077871,           0.0077871,           0.0077871
                  40,            0.049786,            0.022802,           0.0057012,             0.70045,             0.63077,             0.75978,             0.37799,            0.044298,            0.010135,           0.0016439,           0.0077288,           0.0077288,           0.0077288
                  41,            0.048394,            0.025441,           0.0062519,             0.58495,             0.85279,             0.81928,             0.44421,            0.051412,           0.0099624,           0.0016784,           0.0076706,           0.0076706,           0.0076706
                  42,            0.043977,            0.021261,           0.0044371,             0.61228,             0.84729,             0.78042,             0.45988,            0.045682,            0.010007,           0.0018082,           0.0076124,           0.0076124,           0.0076124
                  43,            0.046159,            0.023169,            0.003979,             0.69978,             0.88018,             0.84667,             0.45178,            0.047441,            0.010123,           0.0017603,           0.0075541,           0.0075541,           0.0075541
                  44,               0.049,            0.024636,           0.0048767,             0.78567,             0.82324,             0.89254,             0.50044,            0.040098,             0.01046,            0.001854,           0.0074959,           0.0074959,           0.0074959
                  45,             0.04427,            0.021729,            0.005345,             0.61059,             0.82487,             0.77797,             0.45291,            0.047286,            0.010232,           0.0017125,           0.0074376,           0.0074376,           0.0074376
                  46,            0.051117,            0.020574,           0.0040785,             0.72817,             0.84793,             0.83832,             0.47112,            0.047169,            0.010153,           0.0017936,           0.0073794,           0.0073794,           0.0073794
                  47,            0.045855,            0.019983,           0.0061131,             0.65637,             0.78137,             0.77522,             0.42937,              0.0463,           0.0094855,            0.001812,           0.0073212,           0.0073212,           0.0073212
                  48,            0.045172,            0.022107,           0.0037094,             0.55541,             0.79789,             0.71021,             0.40824,            0.048906,           0.0098472,           0.0016686,           0.0072629,           0.0072629,           0.0072629
                  49,            0.048184,            0.021286,           0.0049866,             0.78143,             0.85351,             0.87121,             0.50451,            0.042977,           0.0094721,           0.0017528,           0.0072047,           0.0072047,           0.0072047
                  50,            0.038188,            0.021736,           0.0038868,             0.50374,             0.86057,             0.63256,             0.30847,            0.049771,            0.010103,           0.0017627,           0.0071465,           0.0071465,           0.0071465
                  51,            0.044505,            0.022215,           0.0040197,             0.69475,             0.87458,             0.80681,             0.46668,            0.045539,           0.0092473,           0.0016798,           0.0070882,           0.0070882,           0.0070882
                  52,            0.039104,            0.021645,           0.0055255,             0.72968,             0.78461,              0.8071,             0.51651,            0.043829,           0.0097386,           0.0015822,             0.00703,             0.00703,             0.00703
                  53,            0.041972,            0.021062,           0.0041548,             0.83673,             0.91172,             0.90441,             0.50475,            0.050631,           0.0091091,           0.0017165,           0.0069718,           0.0069718,           0.0069718
                  54,            0.046809,            0.019453,           0.0038531,             0.75939,             0.76426,             0.85631,             0.49434,            0.041828,           0.0093613,           0.0017963,           0.0069135,           0.0069135,           0.0069135
                  55,            0.038472,            0.021339,           0.0033567,              0.8378,             0.89646,             0.89138,             0.47123,            0.050262,            0.008901,           0.0019995,           0.0068553,           0.0068553,           0.0068553
                  56,             0.04487,            0.021522,           0.0039527,             0.63974,             0.84096,              0.7938,             0.44827,            0.048602,           0.0092561,           0.0020286,           0.0067971,           0.0067971,           0.0067971
                  57,            0.040596,            0.019357,           0.0034392,             0.86106,             0.81903,             0.91381,             0.51693,            0.041539,           0.0093368,           0.0021707,           0.0067388,           0.0067388,           0.0067388
                  58,            0.038284,            0.021742,           0.0039378,             0.69645,             0.80423,             0.81058,             0.42634,            0.044677,           0.0096204,           0.0020054,           0.0066806,           0.0066806,           0.0066806
                  59,            0.043988,            0.019202,           0.0026407,             0.93887,             0.76509,             0.90992,             0.51683,             0.04123,           0.0094521,           0.0021461,           0.0066224,           0.0066224,           0.0066224
                  60,            0.040726,            0.025868,            0.003143,              0.8915,             0.80423,             0.90055,             0.54792,            0.043044,           0.0096061,           0.0020793,           0.0065641,           0.0065641,           0.0065641
                  61,             0.03966,            0.022104,           0.0026314,             0.85084,              0.8185,             0.89943,             0.53559,            0.045715,           0.0096726,           0.0019211,           0.0065059,           0.0065059,           0.0065059
                  62,            0.044734,            0.023733,           0.0023718,             0.82669,             0.79363,             0.88993,             0.54623,            0.039064,           0.0099266,           0.0019077,           0.0064476,           0.0064476,           0.0064476
                  63,            0.039293,             0.01753,           0.0054532,             0.89619,             0.85015,             0.90703,             0.55116,            0.041286,           0.0097374,           0.0020426,           0.0063894,           0.0063894,           0.0063894
                  64,            0.038206,            0.017563,           0.0026421,             0.80252,             0.89101,             0.89399,             0.53584,            0.040629,            0.010169,           0.0021266,           0.0063312,           0.0063312,           0.0063312
                  65,            0.039896,             0.01993,           0.0023267,             0.72101,             0.78749,             0.80776,             0.48446,            0.041128,            0.010196,           0.0019708,           0.0062729,           0.0062729,           0.0062729
                  66,            0.037911,            0.023822,           0.0026948,             0.67344,             0.89384,             0.82624,             0.47599,            0.042198,            0.010496,           0.0019093,           0.0062147,           0.0062147,           0.0062147
                  67,            0.035651,            0.020492,           0.0025116,              0.7948,             0.84857,              0.8539,             0.50644,            0.037389,            0.010809,           0.0020112,           0.0061565,           0.0061565,           0.0061565
                  68,            0.036693,            0.019636,           0.0024096,             0.79861,              0.8629,             0.88685,             0.48993,            0.037833,             0.01027,           0.0021179,           0.0060982,           0.0060982,           0.0060982
                  69,            0.034956,            0.018462,           0.0032011,             0.82075,             0.85678,             0.89453,             0.53527,            0.041365,           0.0099438,           0.0018952,             0.00604,             0.00604,             0.00604
                  70,            0.040212,            0.020611,           0.0030199,             0.90334,             0.82118,             0.91828,             0.49532,            0.040642,            0.009743,           0.0018106,           0.0059818,           0.0059818,           0.0059818
                  71,            0.040563,            0.020196,           0.0023924,              0.9543,             0.87565,             0.94153,             0.53517,            0.039444,           0.0094613,           0.0018255,           0.0059235,           0.0059235,           0.0059235
                  72,            0.036685,            0.018454,           0.0031561,             0.85408,             0.87217,             0.91168,             0.50532,            0.042373,           0.0096225,           0.0017396,           0.0058653,           0.0058653,           0.0058653
                  73,            0.041872,            0.019042,           0.0025552,             0.89434,             0.81699,             0.93009,             0.58405,            0.036236,           0.0098495,           0.0016263,           0.0058071,           0.0058071,           0.0058071
                  74,            0.037076,            0.020132,           0.0029596,             0.78619,             0.87261,             0.91831,             0.48353,            0.039144,            0.010109,           0.0016037,           0.0057488,           0.0057488,           0.0057488
                  75,             0.04396,            0.018144,           0.0031719,             0.79863,              0.8478,              0.8991,              0.5564,             0.03642,             0.01003,           0.0016525,           0.0056906,           0.0056906,           0.0056906
                  76,            0.032939,             0.01802,           0.0020822,             0.75818,             0.88117,             0.89232,             0.50742,            0.040424,            0.010188,           0.0016652,           0.0056324,           0.0056324,           0.0056324
                  77,            0.034788,            0.019108,           0.0021793,             0.79648,               0.915,             0.91732,             0.52368,            0.039318,            0.010081,           0.0017393,           0.0055741,           0.0055741,           0.0055741
                  78,            0.038978,            0.020016,           0.0021203,             0.75129,             0.86412,             0.88617,             0.49293,             0.03961,            0.010278,           0.0018046,           0.0055159,           0.0055159,           0.0055159
                  79,            0.036067,            0.021046,           0.0025106,             0.81124,               0.844,             0.86876,              0.5231,            0.039739,            0.010054,           0.0020243,           0.0054576,           0.0054576,           0.0054576
                  80,            0.035882,            0.022085,           0.0027863,             0.80303,             0.86137,             0.89289,             0.52629,            0.040975,            0.010479,             0.00202,           0.0053994,           0.0053994,           0.0053994
                  81,            0.035246,            0.018504,           0.0036934,              0.8549,              0.8096,             0.87878,             0.53126,            0.039108,            0.010341,           0.0026628,           0.0053412,           0.0053412,           0.0053412
                  82,            0.031893,            0.020889,           0.0030972,              0.8506,             0.85223,             0.89482,             0.47716,              0.0383,            0.010338,           0.0027012,           0.0052829,           0.0052829,           0.0052829
                  83,            0.036102,            0.019018,           0.0031233,             0.87473,             0.89093,             0.92252,             0.56332,            0.042018,           0.0095312,           0.0021964,           0.0052247,           0.0052247,           0.0052247
                  84,            0.033799,            0.020985,           0.0018311,             0.84019,             0.90013,             0.91032,             0.58432,             0.03637,           0.0096512,           0.0018968,           0.0051665,           0.0051665,           0.0051665
                  85,            0.034999,            0.018874,           0.0021772,             0.91578,             0.77222,             0.90191,             0.54604,            0.044062,           0.0093609,           0.0018146,           0.0051082,           0.0051082,           0.0051082
                  86,            0.038003,            0.020461,           0.0020889,             0.92676,             0.81508,             0.91497,             0.57693,            0.038021,           0.0095977,           0.0017771,             0.00505,             0.00505,             0.00505
                  87,            0.032957,            0.019754,           0.0022015,              0.8512,             0.92469,             0.94697,             0.56505,            0.039489,           0.0098076,           0.0016933,           0.0049918,           0.0049918,           0.0049918
                  88,            0.029931,            0.017847,           0.0018456,             0.89454,             0.88008,             0.93935,             0.52465,            0.037455,           0.0097342,            0.001617,           0.0049335,           0.0049335,           0.0049335
                  89,            0.033744,            0.018184,           0.0025459,              0.9183,             0.93757,             0.96035,             0.60654,            0.039533,           0.0095241,           0.0017474,           0.0048753,           0.0048753,           0.0048753
                  90,            0.030912,            0.019079,           0.0020154,             0.88188,             0.90926,              0.9337,             0.43151,            0.040914,           0.0096784,           0.0019383,           0.0048171,           0.0048171,           0.0048171
                  91,            0.035599,            0.017785,           0.0015666,             0.89891,             0.87935,             0.92457,             0.57101,            0.040709,           0.0099562,           0.0018997,           0.0047588,           0.0047588,           0.0047588
                  92,             0.03085,            0.016636,           0.0016259,             0.83413,             0.89083,             0.91951,             0.52067,            0.041351,            0.010206,           0.0018086,           0.0047006,           0.0047006,           0.0047006
                  93,            0.029386,             0.01792,           0.0020121,             0.85726,              0.8514,             0.90249,             0.54345,            0.044367,            0.010162,           0.0017342,           0.0046424,           0.0046424,           0.0046424
                  94,             0.03255,            0.019007,           0.0018953,             0.95342,             0.89103,             0.93766,             0.53757,            0.042846,            0.010047,           0.0018043,           0.0045841,           0.0045841,           0.0045841
                  95,            0.029937,            0.018394,           0.0023917,             0.91026,             0.82638,             0.90188,             0.55682,            0.039949,            0.009799,           0.0017176,           0.0045259,           0.0045259,           0.0045259
                  96,            0.029504,            0.018034,           0.0024654,             0.89027,             0.88602,             0.91079,             0.55478,            0.040202,            0.009514,            0.001697,           0.0044676,           0.0044676,           0.0044676
                  97,            0.028339,            0.013643,           0.0019006,             0.76872,             0.92415,             0.90758,               0.532,            0.040455,            0.009308,            0.001532,           0.0044094,           0.0044094,           0.0044094
                  98,            0.033601,            0.017405,           0.0026902,             0.87564,             0.93697,             0.94241,              0.5874,            0.038177,            0.009344,           0.0015379,           0.0043512,           0.0043512,           0.0043512
                  99,             0.03128,            0.016839,           0.0019158,             0.88141,             0.90737,             0.93029,             0.56327,            0.038315,           0.0093351,           0.0015655,           0.0042929,           0.0042929,           0.0042929
                 100,            0.036762,            0.020255,            0.001787,               0.869,             0.97909,             0.94831,             0.59483,            0.039297,           0.0095655,           0.0015917,           0.0042347,           0.0042347,           0.0042347
                 101,            0.030001,             0.01819,           0.0023982,             0.89113,             0.95432,             0.93426,             0.56629,            0.038312,           0.0093589,            0.001641,           0.0041765,           0.0041765,           0.0041765
                 102,            0.026842,             0.01688,           0.0025193,             0.89989,               0.964,             0.94833,             0.59029,            0.037395,           0.0093459,           0.0016627,           0.0041182,           0.0041182,           0.0041182
                 103,            0.029641,            0.014672,           0.0017964,             0.90659,             0.97222,             0.93491,             0.55495,            0.037896,           0.0092154,           0.0017324,             0.00406,             0.00406,             0.00406
                 104,            0.028239,            0.015026,           0.0030695,             0.93907,             0.98019,             0.95538,             0.62579,            0.036524,           0.0090238,           0.0022523,           0.0040018,           0.0040018,           0.0040018
                 105,            0.030366,             0.01672,           0.0016044,             0.91597,             0.95337,             0.94646,             0.57475,            0.036379,           0.0090659,           0.0031108,           0.0039435,           0.0039435,           0.0039435
                 106,            0.033686,            0.017887,           0.0023877,             0.94632,             0.93889,             0.95624,             0.62609,            0.034934,           0.0092792,           0.0035285,           0.0038853,           0.0038853,           0.0038853
                 107,            0.026248,             0.01602,           0.0014221,             0.93586,             0.94074,             0.93842,             0.59401,            0.037874,           0.0093038,           0.0038592,           0.0038271,           0.0038271,           0.0038271
                 108,            0.032479,            0.019528,            0.003071,             0.93619,             0.92536,             0.93948,             0.63048,            0.034005,           0.0094618,           0.0042951,           0.0037688,           0.0037688,           0.0037688
                 109,            0.028643,            0.016408,           0.0021525,             0.92013,             0.91852,              0.9438,             0.57257,            0.036098,            0.009423,           0.0044258,           0.0037106,           0.0037106,           0.0037106
                 110,            0.028745,            0.017208,            0.001874,             0.90085,             0.92151,             0.93868,             0.60523,            0.033618,            0.009584,           0.0045423,           0.0036524,           0.0036524,           0.0036524
                 111,            0.025977,             0.01462,            0.002503,              0.9279,             0.94004,             0.93505,             0.57364,            0.036608,           0.0096607,           0.0045659,           0.0035941,           0.0035941,           0.0035941
                 112,            0.026307,            0.017722,           0.0011502,             0.93245,             0.93709,             0.94791,             0.59592,            0.035033,           0.0098223,           0.0046918,           0.0035359,           0.0035359,           0.0035359
                 113,            0.025532,            0.014374,            0.001499,              0.9451,             0.93433,             0.96527,             0.58642,               0.038,           0.0097306,           0.0046215,           0.0034776,           0.0034776,           0.0034776
                 114,            0.029344,            0.015405,           0.0032472,             0.95632,             0.92421,             0.96456,             0.62419,             0.03533,           0.0098255,           0.0046579,           0.0034194,           0.0034194,           0.0034194
                 115,            0.027232,            0.015816,           0.0018652,             0.92274,              0.9236,             0.95749,              0.6035,            0.039265,           0.0096731,           0.0042783,           0.0033612,           0.0033612,           0.0033612
                 116,            0.027238,            0.016742,           0.0012147,             0.95076,             0.91732,             0.96849,             0.64538,            0.036029,           0.0096637,           0.0037854,           0.0033029,           0.0033029,           0.0033029
                 117,            0.026557,            0.017509,           0.0017524,              0.9161,             0.92942,             0.95322,             0.63568,            0.037667,           0.0094788,           0.0033351,           0.0032447,           0.0032447,           0.0032447
                 118,            0.024838,            0.016742,           0.0012777,             0.92714,              0.9249,             0.96274,             0.65367,            0.037174,            0.009466,           0.0034013,           0.0031865,           0.0031865,           0.0031865
                 119,            0.029548,            0.014766,           0.0017954,             0.92085,             0.93332,             0.94937,             0.62648,            0.037733,           0.0094298,           0.0027898,           0.0031282,           0.0031282,           0.0031282
                 120,            0.028437,            0.017737,           0.0036869,             0.93559,             0.93195,             0.94708,             0.64197,            0.037496,           0.0093891,           0.0023465,             0.00307,             0.00307,             0.00307
                 121,            0.028203,            0.015155,           0.0014904,             0.93953,             0.93148,             0.94882,             0.63812,            0.038985,           0.0091554,           0.0024182,           0.0030118,           0.0030118,           0.0030118
                 122,            0.026785,            0.015375,           0.0018342,             0.93897,             0.93836,             0.95274,             0.64244,            0.036859,           0.0090514,           0.0021965,           0.0029535,           0.0029535,           0.0029535
                 123,            0.024941,             0.01638,           0.0020209,             0.93797,             0.90847,             0.94787,             0.62613,            0.038411,           0.0089789,           0.0021203,           0.0028953,           0.0028953,           0.0028953
                 124,            0.024699,            0.015143,            0.001435,             0.91803,             0.95926,             0.96569,             0.63399,            0.037055,           0.0089901,           0.0021225,           0.0028371,           0.0028371,           0.0028371
                 125,            0.026155,            0.014427,           0.0038085,             0.92652,             0.93247,             0.94846,             0.64126,            0.037205,           0.0089579,            0.002065,           0.0027788,           0.0027788,           0.0027788
                 126,            0.022856,            0.013988,           0.0013612,               0.931,             0.93489,             0.95979,             0.59839,            0.036726,           0.0089837,           0.0021115,           0.0027206,           0.0027206,           0.0027206
                 127,            0.025651,            0.015147,           0.0025291,              0.9384,             0.93697,              0.9529,             0.62471,            0.036623,           0.0090492,           0.0021654,           0.0026624,           0.0026624,           0.0026624
                 128,            0.026031,            0.015903,           0.0014126,             0.93043,              0.9417,             0.96878,             0.60392,            0.035553,           0.0091984,           0.0021222,           0.0026041,           0.0026041,           0.0026041
                 129,            0.026363,             0.01542,           0.0012345,             0.92686,             0.92637,             0.95405,             0.61689,            0.034784,           0.0093803,            0.002251,           0.0025459,           0.0025459,           0.0025459
                 130,            0.025165,             0.01696,           0.0010758,             0.89857,             0.95813,             0.96392,             0.60523,            0.034264,           0.0093912,           0.0021305,           0.0024876,           0.0024876,           0.0024876
                 131,            0.024852,            0.017608,           0.0015761,             0.92191,             0.93208,              0.9527,             0.60966,            0.035097,           0.0094417,           0.0020859,           0.0024294,           0.0024294,           0.0024294
                 132,            0.022923,            0.015593,           0.0016883,             0.92461,             0.94449,              0.9574,             0.59846,            0.034478,           0.0093064,           0.0019292,           0.0023712,           0.0023712,           0.0023712
                 133,            0.021917,            0.015084,           0.0013436,             0.92163,             0.94859,             0.95786,             0.62051,            0.035943,           0.0091817,           0.0018796,           0.0023129,           0.0023129,           0.0023129
                 134,              0.0246,            0.016093,           0.0013914,             0.89712,             0.95926,             0.95986,             0.62231,             0.03499,           0.0092865,           0.0018274,           0.0022547,           0.0022547,           0.0022547
                 135,            0.022339,            0.019177,           0.0011057,             0.90172,                0.95,             0.95998,             0.62628,            0.034907,           0.0092988,           0.0017733,           0.0021965,           0.0021965,           0.0021965
                 136,            0.022768,            0.014397,           0.0027265,             0.89411,             0.95926,             0.95902,             0.62967,            0.034103,           0.0094541,           0.0016971,           0.0021382,           0.0021382,           0.0021382
                 137,            0.025199,            0.015558,            0.001151,             0.89354,             0.93464,             0.95672,              0.6306,            0.034732,           0.0094547,           0.0016537,             0.00208,             0.00208,             0.00208
                 138,            0.025246,            0.016157,           0.0013235,             0.90533,              0.9442,             0.95831,             0.61593,            0.033931,           0.0095162,           0.0016052,           0.0020218,           0.0020218,           0.0020218
                 139,            0.023676,            0.015978,           0.0015623,             0.91859,              0.9339,             0.95384,             0.63259,            0.034384,           0.0093909,           0.0015442,           0.0019635,           0.0019635,           0.0019635
                 140,            0.022718,            0.016788,           0.0017106,             0.92504,             0.94397,             0.95718,             0.63293,            0.033811,           0.0092956,             0.00147,           0.0019053,           0.0019053,           0.0019053
                 141,             0.02499,            0.015856,           0.0031081,             0.91564,             0.93337,             0.95692,             0.63465,            0.034422,           0.0092504,           0.0014492,           0.0018471,           0.0018471,           0.0018471
                 142,            0.022081,            0.015076,           0.0011813,             0.93138,             0.92837,             0.96038,              0.6378,            0.033386,           0.0094057,           0.0014066,           0.0017888,           0.0017888,           0.0017888
                 143,            0.025403,            0.015895,           0.0023546,             0.92923,             0.94697,              0.9599,             0.63408,            0.033952,           0.0094263,           0.0013881,           0.0017306,           0.0017306,           0.0017306
                 144,             0.02713,            0.015427,           0.0012453,             0.92803,                0.95,             0.96591,             0.64422,            0.032946,           0.0094926,           0.0013594,           0.0016724,           0.0016724,           0.0016724
                 145,            0.020032,            0.015937,           0.0019532,             0.94962,             0.94335,             0.96397,             0.65738,            0.033541,           0.0093091,           0.0013086,           0.0016141,           0.0016141,           0.0016141
                 146,             0.02084,            0.014268,          0.00095553,             0.95384,             0.92859,             0.96321,             0.63591,            0.033568,           0.0092887,           0.0013123,           0.0015559,           0.0015559,           0.0015559
                 147,            0.021971,            0.014447,          0.00084625,             0.94184,             0.94695,             0.96637,             0.63785,            0.033584,           0.0092613,           0.0013067,           0.0014976,           0.0014976,           0.0014976
                 148,            0.025386,            0.014781,           0.0009883,             0.95922,             0.93087,             0.95978,             0.63944,            0.033953,           0.0093045,           0.0012988,           0.0014394,           0.0014394,           0.0014394
                 149,            0.024257,            0.015729,           0.0010694,             0.94463,             0.94614,             0.96065,             0.63651,            0.033798,           0.0093678,           0.0013514,           0.0013812,           0.0013812,           0.0013812
                 150,            0.021904,            0.017968,           0.0012853,             0.96779,             0.93497,             0.96325,             0.63066,            0.033749,           0.0094232,           0.0014427,           0.0013229,           0.0013229,           0.0013229
                 151,            0.021721,            0.015913,           0.0011793,             0.93784,             0.94551,             0.95455,              0.6284,            0.033729,           0.0095152,           0.0015547,           0.0012647,           0.0012647,           0.0012647
                 152,            0.020945,            0.013424,          0.00094844,             0.91687,             0.95486,             0.95588,             0.63171,            0.035199,           0.0095646,           0.0016593,           0.0012065,           0.0012065,           0.0012065
                 153,            0.024022,            0.014243,           0.0013096,             0.92098,              0.9557,             0.95584,             0.60953,            0.034667,           0.0096633,            0.001661,           0.0011482,           0.0011482,           0.0011482
                 154,            0.021984,            0.013814,          0.00084252,             0.94212,             0.95778,             0.95567,             0.62674,            0.034277,           0.0097645,           0.0017038,             0.00109,             0.00109,             0.00109
                 155,            0.021757,            0.013731,           0.0013135,             0.93874,             0.93148,             0.94888,              0.6091,            0.034516,           0.0098134,           0.0017265,           0.0010318,           0.0010318,           0.0010318
                 156,            0.021155,            0.013876,           0.0008933,             0.94125,             0.95799,             0.95283,             0.63655,            0.034062,           0.0097966,            0.001636,          0.00097353,          0.00097353,          0.00097353
                 157,            0.020114,             0.01567,          0.00071989,              0.9411,             0.95808,             0.95197,             0.62991,            0.034183,           0.0098062,           0.0016174,          0.00091529,          0.00091529,          0.00091529
                 158,            0.018537,            0.013783,           0.0010255,             0.93874,             0.93632,             0.94336,             0.61354,            0.034121,           0.0097874,           0.0015517,          0.00085706,          0.00085706,          0.00085706
                 159,            0.023904,            0.016191,          0.00092714,             0.94795,             0.94278,             0.95238,             0.62955,            0.034118,           0.0097607,           0.0015347,          0.00079882,          0.00079882,          0.00079882
                 160,             0.01798,            0.013056,          0.00098223,             0.95567,             0.93407,             0.95004,              0.6186,            0.034358,           0.0097339,           0.0015183,          0.00074059,          0.00074059,          0.00074059
                 161,            0.026861,            0.012708,           0.0012551,             0.96012,             0.92997,             0.95146,             0.63017,             0.03419,           0.0096948,           0.0014371,          0.00068235,          0.00068235,          0.00068235
                 162,            0.020979,            0.016039,          0.00096231,             0.95899,             0.92994,              0.9566,             0.62489,            0.034046,           0.0096982,           0.0014187,          0.00062412,          0.00062412,          0.00062412
                 163,            0.023503,            0.014728,           0.0016449,             0.95683,             0.92801,               0.957,              0.6344,            0.033971,           0.0096772,           0.0013805,          0.00056588,          0.00056588,          0.00056588
                 164,            0.018489,            0.013862,          0.00090252,             0.95716,             0.92868,             0.95729,             0.63073,            0.034109,           0.0096749,           0.0013644,          0.00050765,          0.00050765,          0.00050765
                 165,            0.018525,            0.012558,           0.0009095,             0.96178,             0.92747,              0.9547,             0.63524,            0.034072,           0.0096697,           0.0013644,          0.00044941,          0.00044941,          0.00044941
                 166,            0.020386,            0.018174,           0.0011718,             0.95487,             0.92802,              0.9573,             0.62913,            0.033907,           0.0096739,           0.0013612,          0.00039118,          0.00039118,          0.00039118
                 167,             0.01797,            0.016268,           0.0010521,             0.95501,             0.92832,             0.95762,             0.61559,            0.033965,           0.0096696,           0.0013439,          0.00033294,          0.00033294,          0.00033294
                 168,            0.018172,            0.013816,          0.00090345,             0.96139,             0.92704,             0.95808,               0.623,            0.034038,           0.0096414,           0.0013377,          0.00027471,          0.00027471,          0.00027471
                 169,            0.017602,            0.014549,           0.0012185,             0.95915,             0.92831,             0.95835,             0.62262,            0.033978,           0.0096519,           0.0013102,          0.00021647,          0.00021647,          0.00021647
